{"cameraMode":{"drawMode":0,"name":"Shaded","section":"Shading Mode"},"sceneLighting":true,"audioPlay":false,"sceneViewState":{"m_AlwaysRefresh":false,"showFog":true,"showSkybox":true,"showFlares":true,"showImageEffects":true,"showParticleSystems":true,"showVisualEffectGraphs":true,"m_FxEnabled":true},"in2DMode":false,"pivot":{"x":0.03598931431770325,"y":0.9076308012008667,"z":-0.1490742266178131},"rotation":{"x":0.028059065341949464,"y":-0.9520530700683594,"z":0.09197641164064408,"w":0.2904481589794159},"size":1.0680747032165528,"orthographic":false}